标题,个人评分,打分日期,条目链接,评论
"无间道2 / 無間道II","","2021-07-04","https://movie.douban.com/subject/1307106/","",
"源代码 / Source Code","","2021-07-04","https://movie.douban.com/subject/3075287/","",
"遗愿清单 / The Bucket List","","2021-07-04","https://movie.douban.com/subject/1867345/","",
"恐怖游轮 / Triangle","","2021-07-04","https://movie.douban.com/subject/3011051/","",
"雨人 / Rain Man","","2021-07-04","https://movie.douban.com/subject/1291870/","",
"爆裂鼓手 / Whiplash","","2021-07-04","https://movie.douban.com/subject/25773932/","",
"寄生虫 / 기생충","","2021-07-04","https://movie.douban.com/subject/27010768/","",
"黑客帝国3：矩阵革命 / The Matrix Revolutions","","2021-07-04","https://movie.douban.com/subject/1302467/","",
"疯狂原始人 / The Croods","","2021-07-04","https://movie.douban.com/subject/1907966/","",
"三块广告牌 / Three Billboards Outside Ebbing, Missouri","","2021-07-04","https://movie.douban.com/subject/26611804/","",
"头号玩家 / Ready Player One","","2021-07-04","https://movie.douban.com/subject/4920389/","",
"血战钢锯岭 / Hacksaw Ridge","","2021-07-04","https://movie.douban.com/subject/26325320/","",
"教父3 / The Godfather: Part III","","2021-07-04","https://movie.douban.com/subject/1294240/","",
"神偷奶爸 / Despicable Me","","2021-07-04","https://movie.douban.com/subject/3287562/","",
"恐怖直播 / 더 테러 라이브","","2021-07-04","https://movie.douban.com/subject/21360417/","",
"告白","","2021-07-04","https://movie.douban.com/subject/4268598/","",
"驯龙高手 / How to Train Your Dragon","","2021-07-04","https://movie.douban.com/subject/2353023/","",
"超能陆战队 / Big Hero 6","","2021-07-04","https://movie.douban.com/subject/11026735/","",
"功夫","","2021-07-04","https://movie.douban.com/subject/1291543/","",
"致命ID / Identity","","2021-07-04","https://movie.douban.com/subject/1297192/","",
"低俗小说 / Pulp Fiction","3","2021-07-04","https://movie.douban.com/subject/1291832/","",
"禁闭岛 / Shutter Island","","2021-07-04","https://movie.douban.com/subject/2334904/","",
"阿凡达 / Avatar","","2021-07-04","https://movie.douban.com/subject/1652587/","",
"拯救大兵瑞恩 / Saving Private Ryan","","2021-07-04","https://movie.douban.com/subject/1292849/","",
"看不见的客人 / Contratiempo","","2021-07-04","https://movie.douban.com/subject/26580232/","",
"情书 / Love Letter","","2021-07-04","https://movie.douban.com/subject/1292220/","",
"本杰明·巴顿奇事 / The Curious Case of Benjamin Button","","2021-07-04","https://movie.douban.com/subject/1485260/","",
"窃听风暴 / Das Leben der Anderen","","2021-07-04","https://movie.douban.com/subject/1900841/","",
"绿皮书 / Green Book","","2021-07-04","https://movie.douban.com/subject/27060077/","",
"黑客帝国 / The Matrix","","2021-07-04","https://movie.douban.com/subject/1291843/","",
"让子弹飞","","2021-07-04","https://movie.douban.com/subject/3742360/","",
"搏击俱乐部 / Fight Club","","2021-07-04","https://movie.douban.com/subject/1292000/","",
"教父2 / The Godfather: Part II","","2021-07-04","https://movie.douban.com/subject/1299131/","",
"猫鼠游戏 / Catch Me If You Can","","2021-07-04","https://movie.douban.com/subject/1305487/","",
"闻香识女人 / Scent of a Woman","4","2021-07-04","https://movie.douban.com/subject/1298624/","",
"我不是药神","","2021-07-04","https://movie.douban.com/subject/26752088/","",
"十二怒汉 / 12 Angry Men","","2021-07-04","https://movie.douban.com/subject/1293182/","",
"摔跤吧！爸爸 / Dangal","","2021-07-04","https://movie.douban.com/subject/26387939/","",
"飞屋环游记 / Up","","2021-07-04","https://movie.douban.com/subject/2129039/","",
"蝙蝠侠：黑暗骑士 / The Dark Knight","","2021-07-04","https://movie.douban.com/subject/1851857/","",
"触不可及 / Intouchables","","2021-07-04","https://movie.douban.com/subject/6786002/","",
"控方证人 / Witness for the Prosecution","","2021-07-04","https://movie.douban.com/subject/1296141/","",
"当幸福来敲门 / The Pursuit of Happyness","","2021-07-04","https://movie.douban.com/subject/1849031/","",
"教父 / The Godfather","5","2021-07-04","https://movie.douban.com/subject/1291841/","三小时嫌短了",
"熔炉 / 도가니","","2021-07-04","https://movie.douban.com/subject/5912992/","",
"疯狂动物城 / Zootopia","","2021-07-04","https://movie.douban.com/subject/25662329/","",
"无间道 / 無間道","","2021-07-04","https://movie.douban.com/subject/1307914/","",
"放牛班的春天 / Les choristes","","2021-07-04","https://movie.douban.com/subject/1291549/","",
"机器人总动员 / WALL·E","","2021-07-04","https://movie.douban.com/subject/2131459/","",
"三傻大闹宝莱坞 / 3 Idiots","","2021-07-04","https://movie.douban.com/subject/3793023/","",
"楚门的世界 / The Truman Show","5","2021-07-04","https://movie.douban.com/subject/1292064/","",
"盗梦空间 / Inception","","2021-07-04","https://movie.douban.com/subject/3541415/","",
"辛德勒的名单 / Schindler's List","","2021-07-04","https://movie.douban.com/subject/1295124/","",
"千与千寻 / 千と千尋の神隠し","","2021-07-04","https://movie.douban.com/subject/1291561/","",
"这个杀手不太冷 / Léon","","2021-07-04","https://movie.douban.com/subject/1295644/","",
"阿甘正传 / Forrest Gump","","2021-07-04","https://movie.douban.com/subject/1292720/","",
"肖申克的救赎 / The Shawshank Redemption","","2021-07-04","https://movie.douban.com/subject/1292052/","",
"釜山行 / 부산행","4","2021-07-21","https://movie.douban.com/subject/25986180/","",
"模仿游戏 / The Imitation Game","4","2021-07-21","https://movie.douban.com/subject/10463953/","",
"冰川时代 / Ice Age","","2021-07-21","https://movie.douban.com/subject/1291578/","",
"请以你的名字呼唤我 / Call Me by Your Name","","2021-07-21","https://movie.douban.com/subject/26799731/","",
"复仇者联盟 / The Avengers","3","2023-02-25","https://movie.douban.com/subject/1866479/","",
"犯罪都市2 / 범죄도시2","4","2023-02-25","https://movie.douban.com/subject/30267287/","",
"天鹅挽歌 / Swan Song","3","2023-02-25","https://movie.douban.com/subject/35258381/","",
"不要抬头 / Don't Look Up","3","2023-02-25","https://movie.douban.com/subject/34884712/","",
"子弹列车 / Bullet Train","3","2023-02-25","https://movie.douban.com/subject/35118954/","",
"套装 / The Outfit","4","2023-02-25","https://movie.douban.com/subject/35372415/","",
"西线无战事 / Im Westen nichts Neues","4","2023-02-25","https://movie.douban.com/subject/3042261/","",
"监视资本主义：智能陷阱 / The Social Dilemma","5","2023-02-25","https://movie.douban.com/subject/34960008/","",
"疾速追杀 / John Wick","4","2023-03-01","https://movie.douban.com/subject/25798131/","",
"悬崖之上","3","2023-03-01","https://movie.douban.com/subject/32493124/","",
"信条 / Tenet","3","2023-03-01","https://movie.douban.com/subject/30444960/","",
"小丑 / Joker","3","2023-03-01","https://movie.douban.com/subject/27119724/","",
"壮志凌云2：独行侠 / Top Gun: Maverick","3","2023-03-01","https://movie.douban.com/subject/6893932/","",
"爱在午夜降临前 / Before Midnight","3","2023-03-01","https://movie.douban.com/subject/10808442/","",
"你的名字。 / 君の名は。","4","2023-03-01","https://movie.douban.com/subject/26683290/","",
"谍影重重 / The Bourne Identity","4","2023-03-01","https://movie.douban.com/subject/1304102/","",
"老师·好","4","2023-03-01","https://movie.douban.com/subject/27663742/","",
"驯龙高手3 / How to Train Your Dragon: The Hidden World","5","2023-03-01","https://movie.douban.com/subject/19899707/","",
"中国机长","3","2023-03-01","https://movie.douban.com/subject/30295905/","",
"天才枪手 / ฉลาดเกมส์โกง","4","2023-03-01","https://movie.douban.com/subject/27024903/","",
"杀人回忆 / 살인의 추억","4","2023-03-01","https://movie.douban.com/subject/1300299/","",
"深海","3","2023-03-01","https://movie.douban.com/subject/26649682/","有些画面有点拖沓，虽然很精美。里面的一些幽默桥段貌似已经过时，有点尬，结局很感动",
"流浪地球","4","2023-03-01","https://movie.douban.com/subject/26266893/","",
"送你一朵小红花","4","2023-03-01","https://movie.douban.com/subject/35096844/","确实感动到我了",
"无双 / 無雙","4","2023-03-01","https://movie.douban.com/subject/26425063/","我来搞定变色油墨",
"这个杀手不太冷静","4","2023-03-01","https://movie.douban.com/subject/35505100/","天才白痴梦！！！！",
"长津湖之水门桥","3","2023-03-01","https://movie.douban.com/subject/35613853/","",
"长津湖","3","2023-03-01","https://movie.douban.com/subject/25845392/","",
"坏蛋联盟 / The Bad Guys","4","2023-03-01","https://movie.douban.com/subject/30165311/","人物很可爱，中间强行上价值有点顶",
"夏洛特烦恼","3","2023-03-01","https://movie.douban.com/subject/25964071/","",
"你好，李焕英","3","2023-03-01","https://movie.douban.com/subject/34841067/","平淡的叙事，但是很感人",
"阿丽塔：战斗天使 / Alita: Battle Angel","3","2023-03-01","https://movie.douban.com/subject/1652592/","想法很好，特效很棒，但是我没有重复看下去的动力",
"银翼杀手2049 / Blade Runner 2049","3","2023-03-01","https://movie.douban.com/subject/10512661/","有一股静谧的美",
"满江红","4","2023-03-01","https://movie.douban.com/subject/35766491/","气氛到位了，最后结尾有点虎头蛇尾，但是整个电影质感很好",
"新世界 / 신세계","4","2023-03-01","https://movie.douban.com/subject/10437779/","黑帮世界的爱恨情仇",
"扬名立万","4","2023-03-01","https://movie.douban.com/subject/35422807/","电影院看的，感觉不错，喜欢陆子野的演出",
"黑豹2 / Black Panther: Wakanda Forever","3","2023-03-01","https://movie.douban.com/subject/30167997/","剧情老套，特效还行",
"波西米亚狂想曲 / Bohemian Rhapsody","3","2023-03-01","https://movie.douban.com/subject/5300054/","并没有体会到大家说的和看一个演唱会一样的感觉，个人不是很喜欢他们的歌，看着观感一般",
"利刃出鞘 / Knives Out","3","2023-03-01","https://movie.douban.com/subject/30318116/","层层悬疑，峰回路转，还可以",
"失控玩家 / Free Guy","3","2023-03-01","https://movie.douban.com/subject/30337388/","题材比较新颖，但是感觉质量一般，女主很好看",
"利刃出鞘2 / Glass Onion: A Knives Out Mystery","2","2023-03-01","https://movie.douban.com/subject/34939037/","有点嗑大了拍的一样，没啥章法，看着不舒服",
"沙丘 / Dune","3","2023-03-01","https://movie.douban.com/subject/3001114/","",
"波斯语课 / Persischstunden","4","2023-03-01","https://movie.douban.com/subject/30466931/","",
"会计刺客 / The Accountant","5","2023-03-01","https://movie.douban.com/subject/24325861/","",
"逃离德黑兰 / Argo","4","2023-03-01","https://movie.douban.com/subject/6549903/","",
"神探夏洛克：最后的誓言 / Sherlock: His Last Vow","4","2023-03-01","https://movie.douban.com/subject/25804790/","",
"小人物 / Nobody","4","2023-03-01","https://movie.douban.com/subject/34865507/","",
"绅士们 / The Gentlemen","3","2023-03-01","https://movie.douban.com/subject/30211998/","",
"白日梦想家 / The Secret Life of Walter Mitty","5","2023-03-01","https://movie.douban.com/subject/2133323/","",
"华尔街之狼 / The Wolf of Wall Street","3","2023-03-01","https://movie.douban.com/subject/2997076/","",
"飓风营救 / Taken","5","2023-03-01","https://movie.douban.com/subject/2124586/","",
"星际穿越 / Interstellar","4","2023-03-01","https://movie.douban.com/subject/1889243/","",
"黑水 / Dark Waters","4","2023-03-01","https://movie.douban.com/subject/30331959/","",
"垫底辣妹 / ビリギャル","4","2023-03-02","https://movie.douban.com/subject/26259677/","电影里的好多情节自己也有同感，但是那么努力是在高中，但是成功确实在大学哈哈哈。片尾的那句话我很喜欢“你的努力不仅改变了你的人生，还改变了许多人的人生”。自己以后继续努力！",
"网络谜踪2 / Missing","3","2023-03-11","https://movie.douban.com/subject/34795100/","反转不是很多，情节本来可以更精彩。人物感觉没有很立体，但是总体还可以。确实不如第一部，稍微差点意思",
"霸王别姬","4","2023-03-12","https://movie.douban.com/subject/1291546/","",
"网络谜踪 / Searching","4","2023-04-02","https://movie.douban.com/subject/27615441/","",
"误杀","3","2023-04-02","https://movie.douban.com/subject/30176393/","",
"导火线 / 導火綫","4","2023-04-02","https://movie.douban.com/subject/2044102/","打斗很精彩，反派不话痨，剧情也还可以",
"安娜 / Anna","4","2023-05-04","https://movie.douban.com/subject/27166976/","很精彩，很有质感。",
"穿条纹睡衣的男孩 / The Boy in the Striped Pajamas","4","2023-05-20","https://movie.douban.com/subject/3008247/","",
"死亡诗社 / Dead Poets Society","4","2023-05-22","https://movie.douban.com/subject/1291548/","电影里在室外走路那段给我印象极深，每个人都有每个人的走法。一些显而易见的东西大家可能会随波逐流，或者是被针对嫌弃，比如口音、教学方法、生活作息。但是走路是一个极富个人气息的东西，这个东西也不太会被其他人注意和左右，所以基汀老师抓住这个，告诉大家要活出自己的风格。你就是你。",
"美丽心灵 / A Beautiful Mind","4","2023-06-30","https://movie.douban.com/subject/1306029/","豪哥推荐，很抓人",
"幸福终点站 / The Terminal","3","2023-06-30","https://movie.douban.com/subject/1292274/","可能是太久远了，感觉看着一些常识的东西主角不知道有点着急，男主僚机帮男主追妹子和最后欢送那一段看着很爽，结尾感觉有点突兀",
"守望者 / Watchmen","3","2023-06-30","https://movie.douban.com/subject/1972698/","喜欢罗夏，剧情一般",
"招魂 / The Conjuring","3","2023-07-20","https://movie.douban.com/subject/3804629/","",
"迷雾 / The Mist","3","2023-07-20","https://movie.douban.com/subject/1945330/","",
"孤儿怨 / Orphan","3","2023-07-20","https://movie.douban.com/subject/3011308/","",
"逃出绝命镇 / Get Out","4","2023-07-20","https://movie.douban.com/subject/26688480/","",
"孤注一掷","4","2023-08-14","https://movie.douban.com/subject/35267224/","",
"大鱼 / Big Fish","3","2023-08-25","https://movie.douban.com/subject/1291545/","",
"赌城风云 / Casino","3","2023-08-25","https://movie.douban.com/subject/1299799/","",
"至暗时刻 / Darkest Hour","4","2023-08-27","https://movie.douban.com/subject/26761416/","质感拉满，最后几分钟直接封神",
"1917","3","2023-08-27","https://movie.douban.com/subject/30252495/","",
"机械师 / The Mechanic","3","2023-10-02","https://movie.douban.com/subject/3006783/","",
"人之怒 / Wrath of Man","4","2023-10-02","https://movie.douban.com/subject/27046740/","",
"银河护卫队2 / Guardians of the Galaxy Vol. 2","3","2023-10-02","https://movie.douban.com/subject/25937854/","",
"银河护卫队 / Guardians of the Galaxy","4","2023-10-02","https://movie.douban.com/subject/7065154/","",
"哪吒之魔童降世","4","2023-10-02","https://movie.douban.com/subject/26794435/","",
"叶问 / 葉問","4","2023-10-02","https://movie.douban.com/subject/3041806/","",
"分手大师","2","2023-10-02","https://movie.douban.com/subject/24879858/","",
"红海行动","3","2023-10-02","https://movie.douban.com/subject/26861685/","",
"招魂2 / The Conjuring 2","4","2023-10-02","https://movie.douban.com/subject/24860563/","宿舍难忘记忆",
"西虹市首富","4","2023-10-02","https://movie.douban.com/subject/27605698/","大爱女主",
"从你的全世界路过","4","2023-10-02","https://movie.douban.com/subject/26280528/","承载了一段记忆",
"超体 / Lucy","3","2023-10-02","https://movie.douban.com/subject/24404677/","",
"十二生肖","3","2023-10-02","https://movie.douban.com/subject/4212172/","",
"宝贝计划 / 寶貝計劃","4","2023-10-02","https://movie.douban.com/subject/1859036/","童年经典",
"伸冤人3 / The Equalizer 3","3","2023-10-08","https://movie.douban.com/subject/35736400/","那种高智商打斗的内容几乎没有了，看着不是很过瘾。质量只能说尚可，有点索然无味",
"门徒 / 門徒","4","2023-10-23","https://movie.douban.com/subject/1890784/","很抓人，华仔演的很棒。结尾好像有两个，一个是没吸毒，一个是吸完之后才被小女孩发现。感觉华仔有点可怜怎么回事。这个电影每个角色的两面性都有，不像现在的电影正面人物全是正面，反派就无脑反派。",
"金蝉脱壳 / Escape Plan","4","2023-10-26","https://movie.douban.com/subject/3025447/","重温经典，史泰龙竟然说话有气泡音哈哈哈。反派很酷，但不够狠",
"拯救嫌疑人","3","2023-11-20","https://movie.douban.com/subject/35875180/","还可以，就是最后有点猜到结尾了。外加不是很喜欢刻意升华。但是作为国产电影，我觉得算合格",
"电锯惊魂 / Saw","3","2023-11-23","https://movie.douban.com/subject/1417598/","没有想象中血腥，确实抓人，但没有很精彩。就还行
                    
                        (1 有用)",
"彗星来的那一夜 / Coherence","3","2023-11-23","https://movie.douban.com/subject/25807345/","虽然很硬核，但是我看到结尾并没感觉到像看恐怖游轮那种背后一凉的感觉。大部分原因是一刷没看太懂结尾的含义。后来补了一下物理知识，知道涉及了平行宇宙和退相干性，才知道这个电影其实挺巧妙。还有一个减分的地方就是一开头实在太拖沓了，个人十分不喜欢",
"碟中谍7：致命清算（上） / Mission: Impossible – Dead Reckonin...","2","2023-11-29","https://movie.douban.com/subject/30433455/","完全和期待的不是一回事。剧情拖沓，新加入的女主感觉也是智商不在线。最精彩的是最后结尾的片尾曲",
"涉过愤怒的海","3","2023-11-29","https://movie.douban.com/subject/33456512/","",
"美国精神病人 / American Psycho","3","2024-01-08","https://movie.douban.com/subject/1301715/","应该是一个我不会二刷的电影，里面感觉隐喻有点多，个人知识水平不足以理解。最后感觉是其实全都是他的想象，“死掉”的艾伦可能就仅仅是搬走了而已。但是感觉现在每个人的心理上都多多少少有点主角的影子",
"第八个嫌疑人","4","2024-01-18","https://movie.douban.com/subject/34436452/","体验了一次逃犯的生活，看完电影感觉“幸好我不是逃犯”。片尾曲大赞",
"英伦对决 / The Foreigner","3","2024-01-21","https://movie.douban.com/subject/25723583/","没看懂涉及政治博弈的地方，感觉电影没有让我激动的点。有点在看连续剧的感觉。整体还行",
"扫毒3：人在天涯 / 掃毒3：人在天涯","3","2024-01-24","https://movie.douban.com/subject/35013359/","枪战部分真的占了很多篇幅，但是并不出彩，甚至不如12年毒战的营造的紧张感。老大的是真惨，周围一把二把手全是卧底。总体来说看起来没太大波澜，中规中矩的警匪片",
"死亡论文 / Tesis","4","2024-01-25","https://movie.douban.com/subject/1421807/","可能是我看的恐怖片少的缘故，看的时候是发自内心的紧张。甚至中途按了暂停键。应该是为了告诉大家，还是要注意媒体对于传播暴力的谨慎。女主真的太美了",
"查理和巧克力工厂 / Charlie and the Chocolate Factory","4","2024-01-29","https://movie.douban.com/subject/1309101/","很喜欢王卡那个怪怪的劲，很有特色。还有那个哼的一笑。重温了小时候看的电影，现在来看也是非常好看，很推荐",
"怒火·重案 / 怒火","3","2024-01-29","https://movie.douban.com/subject/30174085/","标准的警匪片，最后单挑的打斗戏质量很高。其他地方都很标准。角色比较少，对记不住名字的我很友好，起码完全看懂了是在讲什么",
"第二十条","4","2024-02-11","https://movie.douban.com/subject/36208094/","前半部分很不错，后半段难免落入升华的俗套。主角夫妻演的很好，里面的一些段子很恰当合适，不会尴尬。总体来说还是一部很成功的电影",
"超时空接触 / Contact","3","2024-02-20","https://movie.douban.com/subject/1295647/","没有特别理解整个故事表达的内容，但感觉我们或多或少都往女主探索的领域畅想过。看完并没有因为不理解而感到沮丧，反而是感觉有点意味深长，意犹未尽。",
"伊尼舍林的报丧女妖 / The Banshees of Inisherin","3","2024-02-22","https://movie.douban.com/subject/34969348/","有点像 低高能版的低俗小说。剧情稍微有点平淡，更多突出的是人和人之间的交流，总会有一到两个小悬念揪着你看下去。里面的某些对话很符合现实生活，给缓慢的电影节奏增加了一点波动。",
"回家的路 / 집으로 가는 길","4","2024-02-26","https://movie.douban.com/subject/6080840/","简单的故事，不简单的人们。虽然情节起伏曲折不大，但是步步抓人。",
"饮食男女 / 飲食男女","3","2024-03-01","https://movie.douban.com/subject/1291818/","",
"战争之王 / Lord of War","4","2024-03-01","https://movie.douban.com/subject/1419936/","最后结局有点爽是怎么回事",
"黑客帝国2：重装上阵 / The Matrix Reloaded","4","2024-03-01","https://movie.douban.com/subject/1304141/","",
"无耻混蛋 / Inglourious Basterds","4","2024-03-01","https://movie.douban.com/subject/1438652/","反派令人印象深刻",
"疯狂的麦克斯4：狂暴之路 / Mad Max: Fury Road","4","2024-03-01","https://movie.douban.com/subject/3592854/","很带感",
"恋恋笔记本 / The Notebook","3","2024-03-01","https://movie.douban.com/subject/1309163/","",
"真爱至上 / Love Actually","3","2024-03-01","https://movie.douban.com/subject/1292401/","",
"一个叫欧维的男人决定去死 / En man som heter Ove","3","2024-03-01","https://movie.douban.com/subject/26628357/","一开始几乎能猜到结局的剧情，但是全程节奏把握很好，情节设计前后还有呼应。但是整体剧情真的有点鸡汤，不是很喜欢。男主的妻子真的很有气质！",
"尖峰时刻 / Rush Hour","2","2024-03-03","https://movie.douban.com/subject/1292624/","如坐针毡",
"空中营救 / Non-Stop","4","2024-03-03","https://movie.douban.com/subject/10598440/","空中之谁是卧底",
"伸冤人 / The Equalizer","4","2024-03-03","https://movie.douban.com/subject/3012013/","“我以为他是老实人”",
"狂怒 / Fury","4","2024-03-03","https://movie.douban.com/subject/23331914/","写实带感",
"邪不压正","2","2024-03-04","https://movie.douban.com/subject/26366496/","和让子弹飞一样，都属于我能感觉到他隐含着很多东西，但是我就是看不出来",
"破碎人生 / Demolition","3","2024-03-09","https://movie.douban.com/subject/25846858/","期待有白日梦想家一样的后劲，但是只是能和男主感同身受。并非需要一直循规蹈矩。一些片段甚至提到了《活在当下》的想法。注意当下，不要自动驾驶，生活很不一样。",
"沙丘2 / Dune: Part Two","4","2024-03-17","https://movie.douban.com/subject/35575567/","太空歌剧",
"一级恐惧 / Primal Fear","4","2024-03-27","https://movie.douban.com/subject/1296217/","周旋",
"穿靴子的猫2 / Puss in Boots: The Last Wish","4","2024-03-29","https://movie.douban.com/subject/25868125/","Star light,star bright,first star I see tonight,I wish I may,I wish I might,have this wish I wish tonight.",
"月球 / Moon","3","2024-04-01","https://movie.douban.com/subject/3073124/","超级正义的机器人，以及不知道该可怜哪一个的克隆人",
"异次元骇客 / The Thirteenth Floor","4","2024-04-05","https://movie.douban.com/subject/1300282/","女主很美，以及最后想清楚了其实还是一个悲剧
                    
                        (1 有用)",
"极度恐慌 / Outbreak","4","2024-04-17","https://movie.douban.com/subject/1301419/","看之前还担心这个病毒扩散主题是否会看的昏昏欲睡，但整个过程中的情节跌宕曲折，又十分符合逻辑。几乎无尿点。总体不错",
"末路狂花钱","3","2024-05-13","https://movie.douban.com/subject/36430322/","开头有点惊喜，中间有点平淡，结尾稍稍有点拖沓。其实一开始就基本能猜到结局了，所以没有那么惊喜。但是这个电影的意义非凡",
"蜘蛛侠：纵横宇宙 / Spider-Man: Across the Spider-Verse","2","2024-05-29","https://movie.douban.com/subject/30391186/","感觉没什么深度，主体故事也没有讲完。也没有很酷的部分，不是我会看第二遍的电影",
"俄罗斯方块 / Tetris","3","2024-06-04","https://movie.douban.com/subject/26087471/","整体剧情很简单，两边人为了争夺游戏的发售版权。但是悬疑感我认为不够强，剧情有点拖沓，没有很紧张的桥段。",
"坠落的审判 / Anatomie d'une chute","3","2024-06-13","https://movie.douban.com/subject/35633650/","因为要是输了就是输了，而要是赢了，你会想要得到一些奖励，但是没有奖励，它只是结束了而已。",
"电话谋杀案 / Dial M for Murder","4","2024-06-17","https://movie.douban.com/subject/1301231/","男主的心情和我以前撒谎圆谎的心情一模一样，甚至男主做出一些得意的临场反应后我也会跟着得意，仿佛看到了以前的自己。钥匙的更替说实话看着有点头脑风暴，我一度以为接电话的占位会成为关键线索",
"电话 / 콜","3","2024-06-21","https://movie.douban.com/subject/30346025/","一开始以为能猜到结局",
"酒精计划 / Druk","3","2024-07-03","https://movie.douban.com/subject/30323120/","看了我也想喝",
"奥本海默 / Oppenheimer","3","2024-07-14","https://movie.douban.com/subject/35593344/","不是我能get到的高度",
"巴比伦 / Babylon","3","2024-07-14","https://movie.douban.com/subject/34467461/","大人，时代变了",
"抓娃娃","3","2024-07-28","https://movie.douban.com/subject/36653918/","高开低走，前半段惊喜，后半段尴尬，中国版楚门的世界",
"王牌对王牌 / The Negotiator","4","2024-08-18","https://movie.douban.com/subject/1293434/","强强联手",
"普罗米修斯 / Prometheus","","2024-08-18","https://movie.douban.com/subject/3771562/","",
"异形：夺命舰 / Alien: Romulus","3","2024-08-18","https://movie.douban.com/subject/35792500/","没有了异形的那种若隐若现的恐怖感，更多的是特写和追逐，总体故事还行",
"最后的假期 / Last Holiday","3","2024-08-22","https://movie.douban.com/subject/1462631/","低配版真爱至上",
"解密","3","2024-08-25","https://movie.douban.com/subject/26370387/","十分拖沓，像看电视剧，故事不错，最后的结尾有点唐突",
"时空线索 / Deja Vu","3","2024-08-25","https://movie.douban.com/subject/1789283/","源代码漏洞版",
"两杆大烟枪 / Lock, Stock and Two Smoking Barrels","3","2024-08-26","https://movie.douban.com/subject/1293350/","看的我着急",
"王者之旅 / Searching for Bobby Fischer","4","2024-08-28","https://movie.douban.com/subject/1298591/","更加真实的天才",
"偷拐抢骗 / Snatch","3","2024-08-28","https://movie.douban.com/subject/1301171/","兜兜转转回到了起点",
"犯罪都市4 / 범죄도시4","3","2024-09-01","https://movie.douban.com/subject/36085987/","韩国版孤注一掷",
"荒蛮故事 / Relatos salvajes","3","2024-09-01","https://movie.douban.com/subject/24750126/","第一第六集最爱",
"七宗罪 / Se7en","3","2024-09-03","https://movie.douban.com/subject/1292223/","看到结局我就放心了",
"记忆之夜 / 기억의 밤","3","2024-09-04","https://movie.douban.com/subject/27047871/","一半见过的套路，一半没见过的套路",
"蝴蝶效应 / The Butterfly Effect","4","2024-09-08","https://movie.douban.com/subject/1292343/","一切都是最好的安排",
"黑暗面 / La cara oculta","4","2024-09-09","https://movie.douban.com/subject/6536180/","别出心裁，草蛇灰线。女二颜值加分",
"通往夏天的隧道，再见的出口 / 夏へのトンネル、さよならの出口","3","2024-09-15","https://movie.douban.com/subject/35705627/","你的名字简化版，但同样浪漫",
"年会不能停！","3","2024-09-17","https://movie.douban.com/subject/35725869/","高开低走，前半段嘴角压不下去，后半段扬不起来",
"因果报应 / Maharaja","4","2024-09-18","https://movie.douban.com/subject/36934908/","想不到更好的结局",
"记忆裂痕 / Paycheck","3","2024-09-25","https://movie.douban.com/subject/1308715/","所以能够预知未来也没我想象中那么好啊",
"万能钥匙 / The Skeleton Key","3","2024-09-26","https://movie.douban.com/subject/1418752/","逃出绝命镇+招魂",
"生死停留 / Stay","3","2024-09-26","https://movie.douban.com/subject/1432180/","生死停留",
"完美风暴 / The Perfect Storm","3","2024-09-29","https://movie.douban.com/subject/1293815/","特效不输于现在，剧情更甚",
"逆行人生","3","2024-10-04","https://movie.douban.com/subject/36774001/","不敢去大厂了，后半段节奏再快一点就更好了",
"黑暗侵袭 / The Descent","3","2024-10-09","https://movie.douban.com/subject/1437109/","接受范围内的惊恐，短平快，挺抓人，后劲小",
"朝云暮雨","4","2024-10-10","https://movie.douban.com/subject/35359715/","心里期待一个美好结局
                    
                        (1 有用)",
"流浪地球2","4","2024-10-13","https://movie.douban.com/subject/35267208/","妥妥大作啊",
"博很恐惧 / Beau is Afraid","1","2024-10-18","https://movie.douban.com/subject/35381711/","WTF???",
"七磅 / Seven Pounds","3","2024-10-18","https://movie.douban.com/subject/2969282/","you must be Emily",
"首尔之春 / 서울의 봄","3","2024-10-24","https://movie.douban.com/subject/35712804/","",
"升级 / Upgrade","3","2024-10-25","https://movie.douban.com/subject/27093707/","我们离升级越来越近",
"飞越疯人院 / One Flew Over the Cuckoo's Nest","3","2024-10-25","https://movie.douban.com/subject/1292224/","打篮球的时候，大家纯粹的开心和自由",
"黑洞频率 / Frequency","3","2024-10-28","https://movie.douban.com/subject/1294183/","i am still here。 --ps：节奏有点太拖沓了",
"金矿 / Gold","4","2024-10-31","https://movie.douban.com/subject/7065334/","世界上只有我和你的秘密",
"大话西游之月光宝盒 / 西遊記第壹佰零壹回之月光寶盒","4","2024-11-05","https://movie.douban.com/subject/1299398/","期待下集",
"大话西游之大圣娶亲 / 西遊記大結局之仙履奇緣","3","2024-11-06","https://movie.douban.com/subject/1292213/","我认为网上的评价是过誉了，是一个悲伤的故事，改变了时间线，然后最后在另一个时空里吻了500年前最爱的人。但可惜只能是那一吻。之前喜欢的是白晶晶，穿越来了之后喜欢的是紫霞仙子。
期待自己再过几年再来写对这篇电影新的感触。",
"疯狂的麦克斯：狂暴女神 / Furiosa: A Mad Max Saga","4","2024-11-07","https://movie.douban.com/subject/34996127/","十分丰满的人物塑造，尤其是结合上一部的故事，十分过瘾",
"夹心蛋糕 / Layer Cake","3","2024-11-11","https://movie.douban.com/subject/1309185/","兜兜转转回到了起点",
"敦刻尔克 / Dunkirk","3","2024-11-14","https://movie.douban.com/subject/26607693/","像是画面感很强的纪录片",
"血钻 / Blood Diamond","3","2024-11-14","https://movie.douban.com/subject/1428175/","可惜了男女主",
"大卫·戈尔的一生 / The Life of David Gale","3","2024-11-15","https://movie.douban.com/subject/1305725/","前半段略显拖沓，后半段引人入胜。两人的出发点很好，但是手段总感觉有些极端",
"解除好友2：暗网 / Unfriended: Dark Web","4","2024-11-22","https://movie.douban.com/subject/26725678/","恐怖版网络谜踪，逃不了替剧中人着急的环节",
"消失的爱人 / Gone Girl","4","2024-11-23","https://movie.douban.com/subject/21318488/","she is complicated. 把婚姻最坏的部分夸张放大的电影。",
"某种物质 / The Substance","3","2024-11-24","https://movie.douban.com/subject/35882838/","年轻真好",
"慕尼黑 / Munich","3","2024-11-26","https://movie.douban.com/subject/1438338/","看出了为什么杀手都郁郁寡欢",
"花月杀手 / Killers of the Flower Moon","3","2024-11-30","https://movie.douban.com/subject/26745332/","承受了一切，却还是给他一个机会",
"毒液2 / Venom: Let There Be Carnage","3","2024-11-30","https://movie.douban.com/subject/30382416/","公式化",
"未麻的部屋 / Perfect Blue","3","2024-12-01","https://movie.douban.com/subject/1395091/","一开始：？
后半段：？
看了其他人的影评：！",
"心灵捕手 / Good Will Hunting","3","2024-12-21","https://movie.douban.com/subject/1292656/","老师学生版闻香识女人",
"前目的地 / Predestination","3","2024-12-21","https://movie.douban.com/subject/20278505/","前半段的独白对我更有吸引力
                    
                        (1 有用)",
"九龙城寨之围城 / 九龍城寨·圍城","3","2024-12-22","https://movie.douban.com/subject/24284175/","龙哥死了之后就没得看了",
"率性而活 / 바르게 살자","4","2024-12-26","https://movie.douban.com/subject/3033085/","成年人过家家，无尿点",
"胜券在握","3","2024-12-28","https://movie.douban.com/subject/36354086/","牛马高光时刻",
"太平洋幽灵 / Against the Sun","3","2024-12-30","https://movie.douban.com/subject/25931607/","一切尽失三人版",
"安德的游戏 / Ender's Game","3","2025-01-01","https://movie.douban.com/subject/5323957/","舰队总司令帮助虫后寻找新家园",
"老无所依 / No Country for Old Men","3","2025-01-02","https://movie.douban.com/subject/1857099/","两人见面，先起杀心的人优势更大",
"夜行者 / Nightcrawler","3","2025-01-05","https://movie.douban.com/subject/25750969/","冷血PUA大师",
"独行杀手 / Le samouraï","2","2025-01-08","https://movie.douban.com/subject/1300966/","节奏有些太过缓慢，结尾补救了一下",
"囚徒 / Prisoners","4","2025-01-08","https://movie.douban.com/subject/3592859/","全员智商在线",
"暗战 / 暗戰","4","2025-01-20","https://movie.douban.com/subject/1298898/","配乐无敌，情节入胜",
"暗战2 / 暗戰2","2","2025-01-29","https://movie.douban.com/subject/1308120/","不知所云",
